-- POS CHAMA Database Schema - Updated Version
-- Drop existing tables if they exist
DROP TABLE IF EXISTS inventory_movements CASCADE;
DROP TABLE IF EXISTS sale_items CASCADE;
DROP TABLE IF EXISTS sales CASCADE;
DROP TABLE IF EXISTS customers CASCADE;
DROP TABLE IF EXISTS products CASCADE;
DROP TABLE IF EXISTS categories CASCADE;

-- Drop existing policies and views
DROP POLICY IF EXISTS "Allow all operations on menu_items" ON menu_items;
DROP POLICY IF EXISTS "Allow all operations on orders" ON orders;
DROP TABLE IF EXISTS menu_items CASCADE;
DROP TABLE IF EXISTS orders CASCADE;
DROP VIEW IF EXISTS menu_profit;

-- Enable necessary extensions
CREATE EXTENSION IF NOT EXISTS "uuid-ossp";
CREATE EXTENSION IF NOT EXISTS "pgcrypto";

-- Categories table
CREATE TABLE categories (
  id UUID DEFAULT uuid_generate_v4() PRIMARY KEY,
  name VARCHAR(255) NOT NULL UNIQUE,
  description TEXT,
  color VARCHAR(7) DEFAULT '#3B82F6',
  is_active BOOLEAN DEFAULT true,
  created_at TIMESTAMP WITH TIME ZONE DEFAULT NOW(),
  updated_at TIMESTAMP WITH TIME ZONE DEFAULT NOW()
);

-- Products table
CREATE TABLE products (
  id UUID DEFAULT uuid_generate_v4() PRIMARY KEY,
  name VARCHAR(255) NOT NULL,
  description TEXT,
  price DECIMAL(10,2) NOT NULL CHECK (price >= 0),
  cost DECIMAL(10,2) NOT NULL CHECK (cost >= 0),
  barcode VARCHAR(100) UNIQUE,
  category VARCHAR(255) NOT NULL,
  stock_quantity INTEGER DEFAULT 0 CHECK (stock_quantity >= 0),
  min_stock_level INTEGER DEFAULT 5 CHECK (min_stock_level >= 0),
  image_url TEXT,
  is_active BOOLEAN DEFAULT true,
  created_at TIMESTAMP WITH TIME ZONE DEFAULT NOW(),
  updated_at TIMESTAMP WITH TIME ZONE DEFAULT NOW()
);

-- Customers table
CREATE TABLE customers (
  id UUID DEFAULT uuid_generate_v4() PRIMARY KEY,
  name VARCHAR(255) NOT NULL,
  email VARCHAR(255) UNIQUE,
  phone VARCHAR(20),
  address TEXT,
  points INTEGER DEFAULT 0 CHECK (points >= 0),
  total_spent DECIMAL(12,2) DEFAULT 0 CHECK (total_spent >= 0),
  is_active BOOLEAN DEFAULT true,
  created_at TIMESTAMP WITH TIME ZONE DEFAULT NOW(),
  updated_at TIMESTAMP WITH TIME ZONE DEFAULT NOW()
);

-- Sales table
CREATE TABLE sales (
  id UUID DEFAULT uuid_generate_v4() PRIMARY KEY,
  customer_id UUID REFERENCES customers(id),
  total_amount DECIMAL(12,2) NOT NULL CHECK (total_amount >= 0),
  discount_amount DECIMAL(12,2) DEFAULT 0 CHECK (discount_amount >= 0),
  tax_amount DECIMAL(12,2) DEFAULT 0 CHECK (tax_amount >= 0),
  payment_method VARCHAR(20) NOT NULL CHECK (payment_method IN ('cash', 'card', 'transfer', 'qr')),
  status VARCHAR(20) DEFAULT 'pending' CHECK (status IN ('pending', 'completed', 'cancelled')),
  notes TEXT,
  created_at TIMESTAMP WITH TIME ZONE DEFAULT NOW(),
  updated_at TIMESTAMP WITH TIME ZONE DEFAULT NOW()
);

-- Sale items table
CREATE TABLE sale_items (
  id UUID DEFAULT uuid_generate_v4() PRIMARY KEY,
  sale_id UUID NOT NULL REFERENCES sales(id) ON DELETE CASCADE,
  product_id UUID NOT NULL REFERENCES products(id),
  quantity INTEGER NOT NULL CHECK (quantity > 0),
  unit_price DECIMAL(10,2) NOT NULL CHECK (unit_price >= 0),
  total_price DECIMAL(10,2) NOT NULL CHECK (total_price >= 0),
  created_at TIMESTAMP WITH TIME ZONE DEFAULT NOW()
);

-- Inventory movements table
CREATE TABLE inventory_movements (
  id UUID DEFAULT uuid_generate_v4() PRIMARY KEY,
  product_id UUID NOT NULL REFERENCES products(id),
  movement_type VARCHAR(20) NOT NULL CHECK (movement_type IN ('in', 'out', 'adjustment')),
  quantity INTEGER NOT NULL,
  reason VARCHAR(255) NOT NULL,
  reference_id UUID,
  notes TEXT,
  created_at TIMESTAMP WITH TIME ZONE DEFAULT NOW()
);

-- Create indexes for better performance
CREATE INDEX idx_products_category ON products(category);
CREATE INDEX idx_products_barcode ON products(barcode);
CREATE INDEX idx_products_is_active ON products(is_active);
CREATE INDEX idx_products_stock ON products(stock_quantity);
CREATE INDEX idx_sales_created_at ON sales(created_at);
CREATE INDEX idx_sales_customer_id ON sales(customer_id);
CREATE INDEX idx_sales_status ON sales(status);
CREATE INDEX idx_sale_items_sale_id ON sale_items(sale_id);
CREATE INDEX idx_sale_items_product_id ON sale_items(product_id);
CREATE INDEX idx_inventory_movements_product_id ON inventory_movements(product_id);
CREATE INDEX idx_inventory_movements_created_at ON inventory_movements(created_at);

-- Create functions for updating timestamps
CREATE OR REPLACE FUNCTION update_updated_at_column()
RETURNS TRIGGER AS $$
BEGIN
  NEW.updated_at = NOW();
  RETURN NEW;
END;
$$ language 'plpgsql';

-- Create triggers for updated_at columns
CREATE TRIGGER update_categories_updated_at BEFORE UPDATE ON categories
  FOR EACH ROW EXECUTE FUNCTION update_updated_at_column();

CREATE TRIGGER update_products_updated_at BEFORE UPDATE ON products
  FOR EACH ROW EXECUTE FUNCTION update_updated_at_column();

CREATE TRIGGER update_customers_updated_at BEFORE UPDATE ON customers
  FOR EACH ROW EXECUTE FUNCTION update_updated_at_column();

CREATE TRIGGER update_sales_updated_at BEFORE UPDATE ON sales
  FOR EACH ROW EXECUTE FUNCTION update_updated_at_column();

-- Enable Row Level Security (RLS)
ALTER TABLE categories ENABLE ROW LEVEL SECURITY;
ALTER TABLE products ENABLE ROW LEVEL SECURITY;
ALTER TABLE customers ENABLE ROW LEVEL SECURITY;
ALTER TABLE sales ENABLE ROW LEVEL SECURITY;
ALTER TABLE sale_items ENABLE ROW LEVEL SECURITY;
ALTER TABLE inventory_movements ENABLE ROW LEVEL SECURITY;

-- Create policies for public access (development mode)
CREATE POLICY "Allow all operations for everyone" ON categories FOR ALL USING (true);
CREATE POLICY "Allow all operations for everyone" ON products FOR ALL USING (true);
CREATE POLICY "Allow all operations for everyone" ON customers FOR ALL USING (true);
CREATE POLICY "Allow all operations for everyone" ON sales FOR ALL USING (true);
CREATE POLICY "Allow all operations for everyone" ON sale_items FOR ALL USING (true);
CREATE POLICY "Allow all operations for everyone" ON inventory_movements FOR ALL USING (true);

-- Insert sample categories
INSERT INTO categories (name, description, color) VALUES
('à¸­à¸²à¸«à¸²à¸£à¹à¸¥à¸°à¹€à¸„à¸£à¸·à¹ˆà¸­à¸‡à¸”à¸·à¹ˆà¸¡', 'à¸ªà¸´à¸™à¸„à¹‰à¸²à¸­à¸²à¸«à¸²à¸£à¹à¸¥à¸°à¹€à¸„à¸£à¸·à¹ˆà¸­à¸‡à¸”à¸·à¹ˆà¸¡à¸—à¸¸à¸à¸›à¸£à¸°à¹€à¸ à¸—', '#10B981'),
('à¹€à¸„à¸£à¸·à¹ˆà¸­à¸‡à¹ƒà¸Šà¹‰à¹„à¸Ÿà¸Ÿà¹‰à¸²', 'à¸­à¸¸à¸›à¸à¸£à¸“à¹Œà¹à¸¥à¸°à¹€à¸„à¸£à¸·à¹ˆà¸­à¸‡à¹ƒà¸Šà¹‰à¹„à¸Ÿà¸Ÿà¹‰à¸²', '#3B82F6'),
('à¹€à¸ªà¸·à¹‰à¸­à¸œà¹‰à¸²à¹à¸¥à¸°à¹à¸Ÿà¸Šà¸±à¹ˆà¸™', 'à¹€à¸ªà¸·à¹‰à¸­à¸œà¹‰à¸²à¹à¸¥à¸°à¹€à¸„à¸£à¸·à¹ˆà¸­à¸‡à¸›à¸£à¸°à¸”à¸±à¸š', '#F59E0B'),
('à¹€à¸„à¸£à¸·à¹ˆà¸­à¸‡à¹€à¸‚à¸µà¸¢à¸™', 'à¸­à¸¸à¸›à¸à¸£à¸“à¹Œà¹€à¸„à¸£à¸·à¹ˆà¸­à¸‡à¹€à¸‚à¸µà¸¢à¸™à¹à¸¥à¸°à¸ªà¸³à¸™à¸±à¸à¸‡à¸²à¸™', '#8B5CF6'),
('à¸‚à¸­à¸‡à¹ƒà¸Šà¹‰à¹ƒà¸™à¸šà¹‰à¸²à¸™', 'à¹€à¸„à¸£à¸·à¹ˆà¸­à¸‡à¹ƒà¸Šà¹‰à¹ƒà¸™à¸šà¹‰à¸²à¸™à¹à¸¥à¸°à¸‚à¸­à¸‡à¸•à¸à¹à¸•à¹ˆà¸‡', '#EF4444');

-- Insert sample products with realistic Thai pricing
INSERT INTO products (name, description, price, cost, barcode, category, stock_quantity, min_stock_level) VALUES
('à¸™à¹‰à¸³à¸”à¸·à¹ˆà¸¡ 600ml', 'à¸™à¹‰à¸³à¸”à¸·à¹ˆà¸¡à¸šà¸£à¸´à¸ªà¸¸à¸—à¸˜à¸´à¹Œà¸‚à¸™à¸²à¸” 600ml', 10.00, 7.00, '8851234567890', 'à¸­à¸²à¸«à¸²à¸£à¹à¸¥à¸°à¹€à¸„à¸£à¸·à¹ˆà¸­à¸‡à¸”à¸·à¹ˆà¸¡', 100, 20),
('à¸‚à¹‰à¸²à¸§à¸à¸¥à¹ˆà¸­à¸‡à¹„à¸à¹ˆà¸—à¸­à¸”', 'à¸‚à¹‰à¸²à¸§à¸à¸¥à¹ˆà¸­à¸‡à¹„à¸à¹ˆà¸—à¸­à¸”à¸žà¸£à¹‰à¸­à¸¡à¸œà¸±à¸', 45.00, 30.00, '8851234567891', 'à¸­à¸²à¸«à¸²à¸£à¹à¸¥à¸°à¹€à¸„à¸£à¸·à¹ˆà¸­à¸‡à¸”à¸·à¹ˆà¸¡', 50, 10),
('à¸›à¸²à¸à¸à¸²à¸¥à¸¹à¸à¸¥à¸·à¹ˆà¸™', 'à¸›à¸²à¸à¸à¸²à¸¥à¸¹à¸à¸¥à¸·à¹ˆà¸™à¸ªà¸µà¸™à¹‰à¸³à¹€à¸‡à¸´à¸™', 15.00, 10.00, '8851234567892', 'à¹€à¸„à¸£à¸·à¹ˆà¸­à¸‡à¹€à¸‚à¸µà¸¢à¸™', 200, 50),
('à¹€à¸ªà¸·à¹‰à¸­à¸¢à¸·à¸”à¸œà¹‰à¸²à¸à¹‰à¸²à¸¢', 'à¹€à¸ªà¸·à¹‰à¸­à¸¢à¸·à¸”à¸œà¹‰à¸²à¸à¹‰à¸²à¸¢ 100% à¸ªà¸µà¸‚à¸²à¸§', 299.00, 200.00, '8851234567893', 'à¹€à¸ªà¸·à¹‰à¸­à¸œà¹‰à¸²à¹à¸¥à¸°à¹à¸Ÿà¸Šà¸±à¹ˆà¸™', 30, 5),
('à¹à¸à¹‰à¸§à¸™à¹‰à¸³à¹à¸à¹‰à¸§', 'à¹à¸à¹‰à¸§à¸™à¹‰à¸³à¹à¸à¹‰à¸§à¹ƒà¸ªà¸‚à¸™à¸²à¸” 350ml', 89.00, 60.00, '8851234567894', 'à¸‚à¸­à¸‡à¹ƒà¸Šà¹‰à¹ƒà¸™à¸šà¹‰à¸²à¸™', 75, 15),
('à¹‚à¸—à¸£à¸¨à¸±à¸žà¸—à¹Œà¸¡à¸·à¸­à¸–à¸·à¸­', 'à¹‚à¸—à¸£à¸¨à¸±à¸žà¸—à¹Œà¸ªà¸¡à¸²à¸£à¹Œà¸—à¹‚à¸Ÿà¸™ Android', 8990.00, 7500.00, '8851234567895', 'à¹€à¸„à¸£à¸·à¹ˆà¸­à¸‡à¹ƒà¸Šà¹‰à¹„à¸Ÿà¸Ÿà¹‰à¸²', 5, 2),
('à¸ªà¸¡à¸¸à¸”à¸ˆà¸”à¸šà¸±à¸™à¸—à¸¶à¸', 'à¸ªà¸¡à¸¸à¸”à¸ˆà¸”à¸šà¸±à¸™à¸—à¸¶à¸ A5 80 à¹à¸œà¹ˆà¸™', 35.00, 25.00, '8851234567896', 'à¹€à¸„à¸£à¸·à¹ˆà¸­à¸‡à¹€à¸‚à¸µà¸¢à¸™', 150, 30),
('à¸Šà¸²à¹„à¸—à¸¢à¹€à¸¢à¹‡à¸™', 'à¸Šà¸²à¹„à¸—à¸¢à¹€à¸¢à¹‡à¸™à¹à¸šà¸šà¸”à¸±à¹‰à¸‡à¹€à¸”à¸´à¸¡', 25.00, 15.00, '8851234567897', 'à¸­à¸²à¸«à¸²à¸£à¹à¸¥à¸°à¹€à¸„à¸£à¸·à¹ˆà¸­à¸‡à¸”à¸·à¹ˆà¸¡', 80, 20),
('à¸à¸²à¸‡à¹€à¸à¸‡à¸¢à¸µà¸™à¸ªà¹Œ', 'à¸à¸²à¸‡à¹€à¸à¸‡à¸¢à¸µà¸™à¸ªà¹Œà¸‚à¸²à¸¢à¸²à¸§ à¸ªà¸µà¸™à¹‰à¸³à¹€à¸‡à¸´à¸™', 799.00, 550.00, '8851234567898', 'à¹€à¸ªà¸·à¹‰à¸­à¸œà¹‰à¸²à¹à¸¥à¸°à¹à¸Ÿà¸Šà¸±à¹ˆà¸™', 20, 5),
('à¸žà¸±à¸”à¸¥à¸¡à¸•à¸±à¹‰à¸‡à¹‚à¸•à¹Šà¸°', 'à¸žà¸±à¸”à¸¥à¸¡à¸•à¸±à¹‰à¸‡à¹‚à¸•à¹Šà¸° 12 à¸™à¸´à¹‰à¸§', 1290.00, 950.00, '8851234567899', 'à¹€à¸„à¸£à¸·à¹ˆà¸­à¸‡à¹ƒà¸Šà¹‰à¹„à¸Ÿà¸Ÿà¹‰à¸²', 10, 3);

-- Insert sample customer
INSERT INTO customers (name, email, phone, address) VALUES
('à¸¥à¸¹à¸à¸„à¹‰à¸²à¸—à¸±à¹ˆà¸§à¹„à¸›', 'general@customer.com', '0801234567', 'à¸—à¸µà¹ˆà¸­à¸¢à¸¹à¹ˆà¸‚à¸­à¸‡à¸¥à¸¹à¸à¸„à¹‰à¸²'),
('à¸„à¸¸à¸“à¸ªà¸¡à¸Šà¸²à¸¢ à¹ƒà¸ˆà¸”à¸µ', 'somchai@email.com', '0812345678', '123 à¸–.à¸ªà¸¸à¸‚à¸¸à¸¡à¸§à¸´à¸— à¸à¸£à¸¸à¸‡à¹€à¸—à¸žà¸¯'),
('à¸„à¸¸à¸“à¸ªà¸¡à¸«à¸à¸´à¸‡ à¸ªà¸§à¸¢à¸‡à¸²à¸¡', 'somying@email.com', '0823456789', '456 à¸–.à¸£à¸²à¸Šà¸”à¸³à¸£à¸´ à¸à¸£à¸¸à¸‡à¹€à¸—à¸žà¸¯');

-- Create useful views for reporting
CREATE OR REPLACE VIEW product_profit AS
SELECT 
  id,
  name,
  price,
  cost,
  (price - cost) AS profit,
  CASE 
    WHEN cost > 0 THEN ROUND(((price - cost) / cost * 100)::numeric, 2)
    ELSE 0 
  END AS profit_percentage,
  category,
  stock_quantity,
  min_stock_level,
  is_active,
  created_at,
  updated_at
FROM products;

CREATE OR REPLACE VIEW low_stock_products AS
SELECT 
  id,
  name,
  category,
  stock_quantity,
  min_stock_level,
  (min_stock_level - stock_quantity) AS shortage,
  price,
  cost
FROM products 
WHERE stock_quantity <= min_stock_level 
  AND is_active = true
ORDER BY shortage DESC;

-- Success message
SELECT 'POS CHAMA Database initialized successfully! ðŸŽ‰' AS message;
